{
  "project_info": {
    "project_number": "280824827829",
    "project_id": "countmein-gp1",
    "storage_bucket": "countmein-gp1.appspot.com"
  },
  "client": [
    {
      "client_info": {
        "mobilesdk_app_id": "1:280824827829:android:3f9d11a1b557af1fb653fc",
        "android_client_info": {
          "package_name": "com.example.gpproject"
        }
      },
      "oauth_client": [
        {
          "client_id": "280824827829-cvq5mt0ktq5f5jrbjjboous1pftmqbkk.apps.googleusercontent.com",
          "client_type": 3
        }
      ],
      "api_key": [
        {
          "current_key": "AIzaSyD0thcgJvcjKo2a4bfTna7IywotlyQYiIs"
        }
      ],
      "services": {
        "appinvite_service": {
          "other_platform_oauth_client": [
            {
              "client_id": "280824827829-cvq5mt0ktq5f5jrbjjboous1pftmqbkk.apps.googleusercontent.com",
              "client_type": 3
            },
            {
              "client_id": "280824827829-s88qtrge9bol2uatj6erdohhogv74o6g.apps.googleusercontent.com",
              "client_type": 2,
              "ios_info": {
                "bundle_id": "com.example.gpproject"
              }
            }
          ]
        }
      }
    },
    {
      "client_info": {
        "mobilesdk_app_id": "1:280824827829:android:1ecf606e7cdeed60b653fc",
        "android_client_info": {
          "package_name": "com.example.main"
        }
      },
      "oauth_client": [
        {
          "client_id": "280824827829-cvq5mt0ktq5f5jrbjjboous1pftmqbkk.apps.googleusercontent.com",
          "client_type": 3
        }
      ],
      "api_key": [
        {
          "current_key": "AIzaSyD0thcgJvcjKo2a4bfTna7IywotlyQYiIs"
        }
      ],
      "services": {
        "appinvite_service": {
          "other_platform_oauth_client": [
            {
              "client_id": "280824827829-cvq5mt0ktq5f5jrbjjboous1pftmqbkk.apps.googleusercontent.com",
              "client_type": 3
            },
            {
              "client_id": "280824827829-s88qtrge9bol2uatj6erdohhogv74o6g.apps.googleusercontent.com",
              "client_type": 2,
              "ios_info": {
                "bundle_id": "com.example.gpproject"
              }
            }
          ]
        }
      }
    }
  ],
  "configuration_version": "1"
}